{
    "finished_at": "2026-05-12T22:09:50",
    "elapsed_seconds": 6626.6154185421765,
    "elapsed_minutes": 110.44359030903628,
    "elapsed_hours": 1.8407265051506045,
    "start_global_step": 0,
    "end_global_step": 5000,
    "iterations_this_run": 5000,
    "max_steps": 5000,
    "iterations_per_second": 0.7545329982496518,
    "seconds_per_iteration": 1.3253230837084353
}