{
    "finished_at": "2026-05-16T01:39:50",
    "elapsed_seconds": 1054.9204584190156,
    "elapsed_minutes": 17.582007640316927,
    "elapsed_hours": 0.2930334606719488,
    "start_global_step": 0,
    "end_global_step": 750,
    "iterations_this_run": 750,
    "max_steps": 750,
    "iterations_per_second": 0.7109540762191752,
    "seconds_per_iteration": 1.4065606112253541
}