{
    "finished_at": "2026-05-13T01:31:06",
    "elapsed_seconds": 5581.051951907575,
    "elapsed_minutes": 93.01753253179292,
    "elapsed_hours": 1.5502922088632154,
    "start_global_step": 0,
    "end_global_step": 5000,
    "iterations_this_run": 5000,
    "max_steps": 5000,
    "iterations_per_second": 0.8958884531241508,
    "seconds_per_iteration": 1.116210390381515
}