{
    "finished_at": "2026-05-16T14:03:19",
    "elapsed_seconds": 1577.5397770819254,
    "elapsed_minutes": 26.292329618032092,
    "elapsed_hours": 0.4382054936338682,
    "start_global_step": 0,
    "end_global_step": 1000,
    "iterations_this_run": 1000,
    "max_steps": 1000,
    "iterations_per_second": 0.6338984376354445,
    "seconds_per_iteration": 1.5775397770819255
}