{
    "finished_at": "2026-05-16T07:54:51",
    "elapsed_seconds": 7670.272528712056,
    "elapsed_minutes": 127.83787547853426,
    "elapsed_hours": 2.130631257975571,
    "start_global_step": 0,
    "end_global_step": 5000,
    "iterations_this_run": 5000,
    "max_steps": 5000,
    "iterations_per_second": 0.6518673203961853,
    "seconds_per_iteration": 1.534054505742411
}