{
    "finished_at": "2026-05-12T14:06:16",
    "elapsed_seconds": 6568.774466859177,
    "elapsed_minutes": 109.47957444765295,
    "elapsed_hours": 1.824659574127549,
    "start_global_step": 0,
    "end_global_step": 5000,
    "iterations_this_run": 5000,
    "max_steps": 5000,
    "iterations_per_second": 0.7611769935512374,
    "seconds_per_iteration": 1.3137548933718353
}