{
    "finished_at": "2026-05-16T20:35:23",
    "elapsed_seconds": 3089.9822763330303,
    "elapsed_minutes": 51.499704605550505,
    "elapsed_hours": 0.8583284100925084,
    "start_global_step": 0,
    "end_global_step": 2000,
    "iterations_this_run": 2000,
    "max_steps": 2000,
    "iterations_per_second": 0.6472529034611346,
    "seconds_per_iteration": 1.5449911381665151
}