{
    "finished_at": "2026-05-12T22:52:34",
    "elapsed_seconds": 5567.750873014331,
    "elapsed_minutes": 92.79584788357218,
    "elapsed_hours": 1.546597464726203,
    "start_global_step": 0,
    "end_global_step": 5000,
    "iterations_this_run": 5000,
    "max_steps": 5000,
    "iterations_per_second": 0.8980286859158705,
    "seconds_per_iteration": 1.1135501746028662
}