{
    "finished_at": "2026-05-16T19:42:01",
    "elapsed_seconds": 3082.141396404011,
    "elapsed_minutes": 51.36902327340019,
    "elapsed_hours": 0.8561503878900031,
    "start_global_step": 0,
    "end_global_step": 2000,
    "iterations_this_run": 2000,
    "max_steps": 2000,
    "iterations_per_second": 0.6488994964129275,
    "seconds_per_iteration": 1.5410706982020055
}