{
    "finished_at": "2026-05-15T10:35:53",
    "elapsed_seconds": 6402.478973734076,
    "elapsed_minutes": 106.70798289556794,
    "elapsed_hours": 1.778466381592799,
    "start_global_step": 0,
    "end_global_step": 5000,
    "iterations_this_run": 5000,
    "max_steps": 5000,
    "iterations_per_second": 0.7809475080687196,
    "seconds_per_iteration": 1.2804957947468152
}