{
    "finished_at": "2026-05-10T05:27:10",
    "elapsed_seconds": 745.1158189177513,
    "elapsed_minutes": 12.418596981962521,
    "elapsed_hours": 0.20697661636604203,
    "start_global_step": 0,
    "end_global_step": 1500,
    "iterations_this_run": 1500,
    "max_steps": 50000,
    "iterations_per_second": 2.0131098574429482,
    "seconds_per_iteration": 0.4967438792785009
}