{
    "finished_at": "2026-05-16T01:58:40",
    "elapsed_seconds": 1079.5913935319986,
    "elapsed_minutes": 17.993189892199975,
    "elapsed_hours": 0.29988649820333296,
    "start_global_step": 0,
    "end_global_step": 750,
    "iterations_this_run": 750,
    "max_steps": 750,
    "iterations_per_second": 0.694707279525724,
    "seconds_per_iteration": 1.439455191375998
}