{
    "finished_at": "2026-05-16T09:31:50",
    "elapsed_seconds": 1608.801439360017,
    "elapsed_minutes": 26.81335732266695,
    "elapsed_hours": 0.44688928871111583,
    "start_global_step": 0,
    "end_global_step": 1000,
    "iterations_this_run": 1000,
    "max_steps": 1000,
    "iterations_per_second": 0.6215807467189992,
    "seconds_per_iteration": 1.608801439360017
}