{
    "finished_at": "2026-05-10T08:59:34",
    "elapsed_seconds": 2706.5609167590737,
    "elapsed_minutes": 45.10934861265123,
    "elapsed_hours": 0.7518224768775205,
    "start_global_step": 0,
    "end_global_step": 5500,
    "iterations_this_run": 5500,
    "max_steps": 50000,
    "iterations_per_second": 2.0320990988763272,
    "seconds_per_iteration": 0.4921019848652861
}