{
    "finished_at": "2026-05-13T08:36:23",
    "elapsed_seconds": 7293.962052789517,
    "elapsed_minutes": 121.56603421315862,
    "elapsed_hours": 2.02610057021931,
    "start_global_step": 0,
    "end_global_step": 5500,
    "iterations_this_run": 5500,
    "max_steps": 50000,
    "iterations_per_second": 0.7540483430259374,
    "seconds_per_iteration": 1.326174918689003
}