{
    "finished_at": "2026-05-16T17:51:29",
    "elapsed_seconds": 3085.662234710064,
    "elapsed_minutes": 51.4277039118344,
    "elapsed_hours": 0.8571283985305733,
    "start_global_step": 0,
    "end_global_step": 2000,
    "iterations_this_run": 2000,
    "max_steps": 2000,
    "iterations_per_second": 0.6481590815424828,
    "seconds_per_iteration": 1.542831117355032
}