{
    "finished_at": "2026-05-10T08:05:12",
    "elapsed_seconds": 2716.2171379178762,
    "elapsed_minutes": 45.270285631964605,
    "elapsed_hours": 0.7545047605327434,
    "start_global_step": 0,
    "end_global_step": 5500,
    "iterations_this_run": 5500,
    "max_steps": 50000,
    "iterations_per_second": 2.0248749347837633,
    "seconds_per_iteration": 0.49385766143961385
}