{
    "finished_at": "2026-05-16T15:55:12",
    "elapsed_seconds": 1532.0702393529937,
    "elapsed_minutes": 25.53450398921656,
    "elapsed_hours": 0.4255750664869427,
    "start_global_step": 0,
    "end_global_step": 1000,
    "iterations_this_run": 1000,
    "max_steps": 1000,
    "iterations_per_second": 0.6527115887469419,
    "seconds_per_iteration": 1.5320702393529937
}