{
    "finished_at": "2026-05-16T10:04:22",
    "elapsed_seconds": 1871.6146309989272,
    "elapsed_minutes": 31.19357718331545,
    "elapsed_hours": 0.5198929530552575,
    "start_global_step": 0,
    "end_global_step": 1000,
    "iterations_this_run": 1000,
    "max_steps": 1000,
    "iterations_per_second": 0.5342980245170851,
    "seconds_per_iteration": 1.8716146309989272
}