{
    "finished_at": "2026-05-16T13:08:57",
    "elapsed_seconds": 1538.6180898289895,
    "elapsed_minutes": 25.64363483048316,
    "elapsed_hours": 0.427393913841386,
    "start_global_step": 0,
    "end_global_step": 1000,
    "iterations_this_run": 1000,
    "max_steps": 1000,
    "iterations_per_second": 0.6499338637771674,
    "seconds_per_iteration": 1.5386180898289894
}