{
    "finished_at": "2026-05-12T17:46:12",
    "elapsed_seconds": 5561.124248083681,
    "elapsed_minutes": 92.68540413472802,
    "elapsed_hours": 1.5447567355788003,
    "start_global_step": 0,
    "end_global_step": 5000,
    "iterations_this_run": 5000,
    "max_steps": 5000,
    "iterations_per_second": 0.8990987751663632,
    "seconds_per_iteration": 1.1122248496167362
}