{
    "finished_at": "2026-05-16T14:30:45",
    "elapsed_seconds": 1584.8442237429554,
    "elapsed_minutes": 26.41407039571592,
    "elapsed_hours": 0.44023450659526536,
    "start_global_step": 0,
    "end_global_step": 1000,
    "iterations_this_run": 1000,
    "max_steps": 1000,
    "iterations_per_second": 0.6309768398803776,
    "seconds_per_iteration": 1.5848442237429554
}