{
    "finished_at": "2026-05-15T12:01:13",
    "elapsed_seconds": 13506.070843903348,
    "elapsed_minutes": 225.10118073172245,
    "elapsed_hours": 3.7516863455287077,
    "start_global_step": 0,
    "end_global_step": 5000,
    "iterations_this_run": 5000,
    "max_steps": 5000,
    "iterations_per_second": 0.3702038925893095,
    "seconds_per_iteration": 2.7012141687806697
}