{
    "finished_at": "2026-05-17T01:02:27",
    "elapsed_seconds": 3066.0588152570417,
    "elapsed_minutes": 51.10098025428403,
    "elapsed_hours": 0.8516830042380672,
    "start_global_step": 0,
    "end_global_step": 2000,
    "iterations_this_run": 2000,
    "max_steps": 2000,
    "iterations_per_second": 0.6523032076383476,
    "seconds_per_iteration": 1.533029407628521
}