{
    "finished_at": "2026-05-16T13:36:24",
    "elapsed_seconds": 1548.1289959539426,
    "elapsed_minutes": 25.80214993256571,
    "elapsed_hours": 0.43003583220942854,
    "start_global_step": 0,
    "end_global_step": 1000,
    "iterations_this_run": 1000,
    "max_steps": 1000,
    "iterations_per_second": 0.645941005312551,
    "seconds_per_iteration": 1.5481289959539426
}